{
    "self_bleu": 5.721121381240451,
    "acc": {
        "f1": 0.7621861152141801,
        "acc": 0.7316666666666667,
        "p@1": 0.6843501326259946,
        "r@1": 0.86
    },
    "d_ppl": 70.9325452005984,
    "g_ppl": 70.16030403584217,
    "gm_ppl": 70.5453679365988,
    "bert_score_P ": 0.859619,
    "bert_score_R": 0.885818,
    "bert_score_F": 0.872426,
    "ref_bleu": 2.5764563270043936,
    "gm_bleu": 3.8392993345475257,
    "bert_acc": 70.66666666666667
}