{
    "self_bleu": 3.2401631775324944,
    "acc": {
        "f1": 0.7473841554559043,
        "acc": 0.7183333333333334,
        "p@1": 0.6775067750677507,
        "r@1": 0.8333333333333334
    },
    "d_ppl": 114.6586983725451,
    "g_ppl": 117.20633737482841,
    "gm_ppl": 115.92551955635658,
    "bert_score_P ": 0.859119,
    "bert_score_R": 0.88405,
    "bert_score_F": 0.871308,
    "ref_bleu": 1.6437825828026096,
    "gm_bleu": 2.3078396384208055
}