{
    "self_bleu": 9.468107374545175,
    "acc": {
        "f1": 0.7966386554621849,
        "acc": 0.7966386554621848,
        "p@1": 0.8006756756756757,
        "r@1": 0.7926421404682275
    },
    "d_ppl": 64.73325498900516,
    "g_ppl": 48.004758573308024,
    "gm_ppl": 55.74499329456933,
    "bert_score_P ": 0.856598,
    "bert_score_R": 0.888119,
    "bert_score_F": 0.871823,
    "ref_bleu": 3.4535639383668624,
    "gm_bleu": 5.718278953786232
}