{
    "self_bleu": 3.452206380539052,
    "acc": {
        "f1": 0.8642384105960266,
        "acc": 0.8605442176870748,
        "p@1": 0.8392282958199357,
        "r@1": 0.8907849829351536
    },
    "d_ppl": 52.611505161355886,
    "g_ppl": 29.085658333829258,
    "gm_ppl": 39.118285539523484,
    "bert_score_P ": 0.825366,
    "bert_score_R": 0.875959,
    "bert_score_F": 0.849787,
    "ref_bleu": 1.326183988975151,
    "gm_bleu": 2.13968708658737
}