{
    "self_bleu": 13.365670241421796,
    "acc": {
        "f1": 0.7658862876254181,
        "acc": 0.7666666666666667,
        "p@1": 0.7684563758389261,
        "r@1": 0.7633333333333333
    },
    "d_ppl": 47.82981830473051,
    "g_ppl": 63.928825398093096,
    "gm_ppl": 55.29651076899549,
    "bert_score_P ": 0.869519,
    "bert_score_R": 0.892378,
    "bert_score_F": 0.880659,
    "ref_bleu": 5.206266016271065,
    "gm_bleu": 8.341776475223954
}