{
    "self_bleu": 4.605998079092164,
    "acc": {
        "f1": 0.8922056384742951,
        "acc": 0.8883161512027491,
        "p@1": 0.8762214983713354,
        "r@1": 0.9087837837837838
    },
    "d_ppl": 43.26377032519475,
    "g_ppl": 44.20588773325938,
    "gm_ppl": 43.732292118217146,
    "bert_score_P ": 0.859927,
    "bert_score_R": 0.884091,
    "bert_score_F": 0.871738,
    "ref_bleu": 2.04389515813231,
    "gm_bleu": 3.0682531141063305,
    "bert_acc": 91.75257731958763
}