{
    "self_bleu": 5.181654657642125,
    "acc": {
        "f1": 0.8433734939759037,
        "acc": 0.8444444444444444,
        "p@1": 0.8566433566433567,
        "r@1": 0.8305084745762712
    },
    "d_ppl": 53.50929523348851,
    "g_ppl": 56.93162912866727,
    "gm_ppl": 55.19394306596813,
    "bert_score_P ": 0.862936,
    "bert_score_R": 0.889063,
    "bert_score_F": 0.875681,
    "ref_bleu": 2.532787968283724,
    "gm_bleu": 3.6227106664316007
}