{
	"styleembedding": {
		"self_bleu": 32.0441965322906,
		"acc": {
			"f1": 0.5045703839122486,
			"acc": 0.5483333333333333,
			"p@1": 0.5587044534412956,
			"r@1": 0.46
		},
		"d_ppl": 78.68974824645382,
		"g_ppl": 433.18636480093727,
		"gm_ppl": 184.6275331308477,
		"ref_bleu": 8.800970396001546,
		"gm_bleu": 16.79345185018092,
		"bert_score_P ": 0.894103,
		"bert_score_R": 0.880187,
		"bert_score_F": 0.886962
	},
	"bert_del": {
		"self_bleu": 63.064565795832884,
		"acc": {
			"f1": 0.6678899082568808,
			"acc": 0.6983333333333334,
			"p@1": 0.7428571428571429,
			"r@1": 0.6066666666666667
		},
		"d_ppl": 24.894717748323394,
		"g_ppl": 153.42385740322896,
		"gm_ppl": 61.80164743687988,
		"ref_bleu": 19.082367630871786,
		"gm_bleu": 34.690362191787294,
		"bert_score_P ": 0.911137,
		"bert_score_R": 0.903436,
		"bert_score_F": 0.907066
	},
	"crossaligned": {
		"self_bleu": 2.1156540692809283,
		"acc": {
			"f1": 0.7748091603053434,
			"acc": 0.8033333333333333,
			"p@1": 0.90625,
			"r@1": 0.6766666666666666
		},
		"d_ppl": 12.779223488961707,
		"g_ppl": 99.54034610225476,
		"gm_ppl": 35.66578653288487,
		"ref_bleu": 1.8241726580435733,
		"gm_bleu": 1.9645147764933948,
		"bert_score_P ": 0.892259,
		"bert_score_R": 0.877001,
		"bert_score_F": 0.88447
	},
	"multidecoder": {
		"self_bleu": 23.65291692281734,
		"acc": {
			"f1": 0.6800731261425961,
			"acc": 0.7083333333333334,
			"p@1": 0.7530364372469636,
			"r@1": 0.62
		},
		"d_ppl": 46.58343278520398,
		"g_ppl": 288.284131795676,
		"gm_ppl": 115.8847033760054,
		"ref_bleu": 6.652554135441574,
		"gm_bleu": 12.54401491908171,
		"bert_score_P ": 0.894977,
		"bert_score_R": 0.878818,
		"bert_score_F": 0.886709
	},
	"deleteonly": {
		"self_bleu": 38.75106512180534,
		"acc": {
			"f1": 0.7830508474576271,
			"acc": 0.7866666666666666,
			"p@1": 0.7965517241379311,
			"r@1": 0.77
		},
		"d_ppl": 47.84951002649012,
		"g_ppl": 277.94054978195686,
		"gm_ppl": 115.32267393518033,
		"ref_bleu": 11.993945344737348,
		"gm_bleu": 21.558714180611304,
		"bert_score_P ": 0.898479,
		"bert_score_R": 0.889417,
		"bert_score_F": 0.893801
	},
	"deleteandretrieve": {
		"self_bleu": 32.06950568818179,
		"acc": {
			"f1": 0.9674267100977199,
			"acc": 0.9666666666666667,
			"p@1": 0.945859872611465,
			"r@1": 0.99
		},
		"d_ppl": 23.767941536983695,
		"g_ppl": 187.78309774369296,
		"gm_ppl": 66.80731762917733,
		"ref_bleu": 12.003519063912064,
		"gm_bleu": 19.620064293939674,
		"bert_score_P ": 0.897916,
		"bert_score_R": 0.892673,
		"bert_score_F": 0.895193
	},
	"bert_ret_tfidf": {
		"self_bleu": 48.08099032102556,
		"acc": {
			"f1": 0.6597938144329897,
			"acc": 0.6597938144329897,
			"p@1": 0.6689895470383276,
			"r@1": 0.6508474576271186
		},
		"d_ppl": 34.49712048687768,
		"g_ppl": 112.26702740281742,
		"gm_ppl": 62.232541094017606,
		"ref_bleu": 15.415204542758431,
		"gm_bleu": 27.22458999538831,
		"bert_score_P ": 0.888671,
		"bert_score_R": 0.893376,
		"bert_score_F": 0.890772
	}
}
