{
    "self_bleu": 30.875393408997155,
    "ref_bleu": 17.34184104334152,
    "gm_bleu": 23.139493612641207,
    "acc": {
        "f1": 0.4741833508956797,
        "acc": 0.501,
        "p@1": 0.5011135857461024,
        "r@1": 0.45
    },
    "bert_score_P": 0.8969,
    "bert_score_R": 0.910824,
    "bert_score_F": 0.903679,
    "d_ppl": 62.92115672585475,
    "g_ppl": 161.17727164103056,
    "gm_ppl": 100.7048180057486,
    "bert_acc": 57.2
}