{
	"self_bleu": 37.47122590235167,
	"ref_bleu": 20.697284045879073,
	"gm_bleu": 27.84874514315275,
	"acc": {
		"f1": 0.4320337197049525,
		"acc": 0.461,
		"p@1": 0.45657015590200445,
		"r@1": 0.41
	},
	"bert_score_P": 0.900982,
	"bert_score_R": 0.91465,
	"bert_score_F": 0.907614,
	"d_ppl": 49.98988953866859,
	"g_ppl": 139.80605562959872,
	"gm_ppl": 83.59957701902921
}