{
    "self_bleu": 11.794527102210997,
    "ref_bleu": 6.897110785477688,
    "gm_bleu": 9.019321487022644,
    "acc": {
        "f1": 0.5108695652173914,
        "acc": 0.544994944388271,
        "p@1": 0.5490654205607477,
        "r@1": 0.47764227642276424
    },
    "bert_score_P": 0.867991,
    "bert_score_R": 0.898332,
    "bert_score_F": 0.882723,
    "d_ppl": 67.50295852799181,
    "g_ppl": 59.72107882097431,
    "gm_ppl": 63.49290910723148,
    "bert_acc": 61.27401415571284
}