{
	"self_bleu": 16.035706375507324,
	"ref_bleu": 8.867683559812741,
	"gm_bleu": 11.924746110340072,
	"acc": {
		"f1": 0.5118191161356629,
		"acc": 0.5197168857431749,
		"p@1": 0.5253164556962026,
		"r@1": 0.49899799599198397
	},
	"bert_score_P": 0.87581,
	"bert_score_R": 0.898784,
	"bert_score_F": 0.887,
	"d_ppl": 56.877340369280915,
	"g_ppl": 72.36242504627066,
	"gm_ppl": 64.1543629015464
}