{
	"self_bleu": 33.32781342644594,
	"ref_bleu": 17.495540793536026,
	"gm_bleu": 24.147217631887585,
	"acc": {
		"f1": 0.4203187250996016,
		"acc": 0.418,
		"p@1": 0.41865079365079366,
		"r@1": 0.422
	},
	"bert_score_P": 0.892149,
	"bert_score_R": 0.907559,
	"bert_score_F": 0.899614,
	"d_ppl": 47.800009275452936,
	"g_ppl": 99.67230988533669,
	"gm_ppl": 69.02417936509578
}