{
    "self_bleu": 31.401044850138902,
    "ref_bleu": 17.317331508131648,
    "gm_bleu": 23.319140279426374,
    "acc": {
        "f1": 0.4045881126173097,
        "acc": 0.42613065326633165,
        "p@1": 0.41810344827586204,
        "r@1": 0.39191919191919194
    },
    "bert_score_P": 0.895616,
    "bert_score_R": 0.912492,
    "bert_score_F": 0.903818,
    "d_ppl": 48.24353370591463,
    "g_ppl": 103.82709493921553,
    "gm_ppl": 70.77418988789093,
    "bert_acc": 47.8391959798995
}