{
    "self_bleu": 29.567232463470656,
    "ref_bleu": 16.336606329131953,
    "gm_bleu": 21.97790338038755,
    "acc": {
        "f1": 0.4039087947882737,
        "acc": 0.4482412060301508,
        "p@1": 0.4386792452830189,
        "r@1": 0.37424547283702214
    },
    "bert_score_P": 0.893379,
    "bert_score_R": 0.910889,
    "bert_score_F": 0.90191,
    "d_ppl": 48.1493620703424,
    "g_ppl": 103.78257017074895,
    "gm_ppl": 70.68991828925896,
    "bert_acc": 48.94472361809045
}