{
    "bert_del": {
        "self_bleu": 56.920485973646194,
        "acc": {
            "f1": 0.6288951841359772,
            "acc": 0.607,
            "p@1": 0.5957066189624329,
            "r@1": 0.666
        },
        "d_ppl": 69.8651519824293,
        "g_ppl": 163.0773371245007,
        "gm_ppl": 106.73997818574398
    },
    "source": {
        "self_bleu": 99.97024787112126,
        "acc": {
            "f1": 0.8245787908820614,
            "acc": 0.823,
            "p@1": 0.8172888015717092,
            "r@1": 0.832
        },
        "d_ppl": 36.531743602047456,
        "g_ppl": 118.6373058243685,
        "gm_ppl": 65.83333227183265
    },
    "bert_ret": {
        "self_bleu": 51.555711240987236,
        "acc": {
            "f1": 0.5898876404494382,
            "acc": 0.562,
            "p@1": 0.5545774647887324,
            "r@1": 0.63
        },
        "d_ppl": 127.48303514527204,
        "g_ppl": 255.6361042289246,
        "gm_ppl": 180.52497461519397
    },
    "back_trans": {
        "self_bleu": 7.477555629270221,
        "acc": {
            "f1": 0.7865655471289275,
            "acc": 0.803,
            "p@1": 0.8581560283687943,
            "r@1": 0.726
        },
        "d_ppl": 43.25118954173147,
        "g_ppl": 137.7383319439562,
        "gm_ppl": 77.1838500080812
    }
}