{
    "self_bleu": 23.949033444704668,
    "acc": {
        "f1": 0.8067940552016984,
        "acc": 0.818,
        "p@1": 0.8597285067873304,
        "r@1": 0.76
    },
    "d_ppl": 56.502057370639555,
    "g_ppl": 146.86388072692046,
    "gm_ppl": 91.093970242312,
    "ref_bleu": 11.789863125884724,
    "gm_bleu": 16.80344685802004,
    "bert_score_P ": 0.892799,
    "bert_score_R": 0.913817,
    "bert_score_F": 0.903072
}