{
    "self_bleu": 30.593157002967132,
    "acc": {
        "f1": 0.8293736501079914,
        "acc": 0.842,
        "p@1": 0.9014084507042254,
        "r@1": 0.768
    },
    "d_ppl": 30.263098266190614,
    "g_ppl": 106.27229083851827,
    "gm_ppl": 56.71092293922986,
    "ref_bleu": 15.844047754154559,
    "gm_bleu": 22.01634484889259,
    "bert_score_P ": 0.901577,
    "bert_score_R": 0.920785,
    "bert_score_F": 0.910964
}