{
    "self_bleu": 7.401372914725954,
    "acc": {
        "f1": 0.95562435500516,
        "acc": 0.9564336372847011,
        "p@1": 0.9625779625779626,
        "r@1": 0.9487704918032787
    },
    "d_ppl": 62.949986924265225,
    "g_ppl": 33.15676739154462,
    "gm_ppl": 45.68608183844,
    "ref_bleu": 3.82432902424276,
    "gm_bleu": 5.320271163862863,
    "bert_score_P ": 0.856365,
    "bert_score_R": 0.897847,
    "bert_score_F": 0.87643,
    "bert_acc": 98.98682877406281
}