{
    "self_bleu": 8.085360977050584,
    "acc": {
        "f1": 0.9397344228804904,
        "acc": 0.9397344228804902,
        "p@1": 0.9426229508196722,
        "r@1": 0.9368635437881874
    },
    "d_ppl": 46.76651377819764,
    "g_ppl": 45.69053848730304,
    "gm_ppl": 46.22539559267965,
    "ref_bleu": 4.327961173335228,
    "gm_bleu": 5.915498996794329,
    "bert_score_P ": 0.863214,
    "bert_score_R": 0.89686,
    "bert_score_F": 0.879577
}