{
    "self_bleu": 21.9522404582952,
    "acc": {
        "f1": 0.7543859649122807,
        "acc": 0.7746478873239436,
        "p@1": 0.8289156626506025,
        "r@1": 0.6921529175050302
    },
    "d_ppl": 41.04988110910259,
    "g_ppl": 77.61298657032178,
    "gm_ppl": 56.44469745896496,
    "ref_bleu": 10.871580532911459,
    "gm_bleu": 15.44848050845757,
    "bert_score_P ": 0.890867,
    "bert_score_R": 0.91165,
    "bert_score_F": 0.900987
}