{
    "self_bleu": 20.232467711150466,
    "acc": {
        "f1": 0.8116591928251121,
        "acc": 0.8303030303030303,
        "p@1": 0.9095477386934674,
        "r@1": 0.7327935222672065
    },
    "d_ppl": 29.733332247894538,
    "g_ppl": 104.5083532332688,
    "gm_ppl": 55.743892843656916,
    "ref_bleu": 11.39513032001741,
    "gm_bleu": 15.183925917367482,
    "bert_score_P ": 0.895374,
    "bert_score_R": 0.91302,
    "bert_score_F": 0.903986
}