{
    "self_bleu": 19.008115022464285,
    "acc": {
        "f1": 0.8599348534201955,
        "acc": 0.8703517587939699,
        "p@1": 0.9295774647887324,
        "r@1": 0.8
    },
    "d_ppl": 28.100217558879255,
    "g_ppl": 93.65606554740755,
    "gm_ppl": 51.30064149297558,
    "ref_bleu": 10.345030693058419,
    "gm_bleu": 14.022821874522183,
    "bert_score_P ": 0.893035,
    "bert_score_R": 0.911756,
    "bert_score_F": 0.902165,
    "bert_acc": 92.06030150753769
}