{
    "self_bleu": 25.32291055873952,
    "acc": {
        "f1": 0.2554027504911591,
        "acc": 0.23742454728370221,
        "p@1": 0.24904214559386972,
        "r@1": 0.2620967741935484
    },
    "d_ppl": 48.42104510861124,
    "g_ppl": 77.066398527951,
    "gm_ppl": 61.08711451263782,
    "bert_acc": 47.88732394366197
}