{
    "self_bleu": 14.346369110472226,
    "acc": {
        "f1": 0.3623898139079334,
        "acc": 0.349,
        "p@1": 0.3550863723608445,
        "r@1": 0.37
    },
    "d_ppl": 89.19748519781545,
    "g_ppl": 118.4189832817219,
    "gm_ppl": 102.77487780781715
}