{
    "self_bleu": 11.89705780537704,
    "acc": {
        "f1": 0.32727272727272727,
        "acc": 0.31825795644891125,
        "p@1": 0.35106382978723405,
        "r@1": 0.3065015479876161
    },
    "d_ppl": 37.593025010236886,
    "g_ppl": 41.81083478889744,
    "gm_ppl": 39.64587945698649,
    "bert_acc": 43.71859296482412
}