{
    "self_bleu": 10.606385722205443,
    "acc": {
        "f1": 0.33908948194662475,
        "acc": 0.3209677419354839,
        "p@1": 0.39705882352941174,
        "r@1": 0.2958904109589041
    },
    "d_ppl": 35.99914232202851,
    "g_ppl": 42.387144066532514,
    "gm_ppl": 39.062780646997346,
    "bert_acc": 34.83870967741935
}