{
    "self_bleu": 22.09871862443945,
    "acc": {
        "f1": 0.3257650542941758,
        "acc": 0.31287726358148893,
        "p@1": 0.321011673151751,
        "r@1": 0.3306613226452906
    },
    "d_ppl": 47.67303052929613,
    "g_ppl": 67.5077853335344,
    "gm_ppl": 56.73006884510854,
    "bert_acc": 44.969818913480886
}