{
    "self_bleu": 11.010713252017185,
    "acc": {
        "f1": 0.34901960784313724,
        "acc": 0.32861476238624876,
        "p@1": 0.33969465648854963,
        "r@1": 0.3588709677419355
    },
    "d_ppl": 40.286811061214934,
    "g_ppl": 57.901236665365964,
    "gm_ppl": 48.29757946055153,
    "bert_acc": 47.21941354903943
}