{
    "self_bleu": 13.272072591140793,
    "acc": {
        "f1": 0.36178861788617883,
        "acc": 0.34515119916579773,
        "p@1": 0.34765625,
        "r@1": 0.3771186440677966
    },
    "d_ppl": 41.40069271023785,
    "g_ppl": 62.109720546923036,
    "gm_ppl": 50.70883014507342,
    "bert_acc": 47.966631908237744
}