{
    "self_bleu": 38.34663933483477,
    "ref_bleu": 22.52024784701606,
    "gm_bleu": 29.38666061192755,
    "acc": 47.8,
    "bert_score_P": 0.900982,
    "bert_score_R": 0.91465,
    "bert_score_F": 0.907614,
    "d_ppl": 47.67966716611059,
    "g_ppl": 139.80605562959872,
    "gm_ppl": 81.64500107309699
}