{
    "self_bleu": 13.942993398868303,
    "ref_bleu": 9.06405627359796,
    "gm_bleu": 11.241889378113768,
    "acc": 47.82608695652174,
    "bert_score_P": 0.867991,
    "bert_score_R": 0.898332,
    "bert_score_F": 0.882723,
    "d_ppl": 60.61908943210714,
    "g_ppl": 59.72107882097431,
    "gm_ppl": 60.168408804210216
}