{
    "self_bleu": 33.41540723539004,
    "ref_bleu": 19.60891054028446,
    "gm_bleu": 25.59765089116455,
    "acc": 42.71356783919598,
    "bert_score_P": 0.895616,
    "bert_score_R": 0.912492,
    "bert_score_F": 0.903818,
    "d_ppl": 44.23054821346968,
    "g_ppl": 103.82709493921553,
    "gm_ppl": 67.7667272972029
}