{
    "self_bleu": 17.694066880520243,
    "acc": {
        "f1": 0.37977099236641215,
        "acc": 0.35,
        "p@1": 0.36313868613138683,
        "r@1": 0.398
    },
    "d_ppl": 87.91132792389125,
    "g_ppl": 117.68624216442254,
    "gm_ppl": 101.715061947811
}