{
    "self_bleu": 14.582437764193083,
    "acc": {
        "f1": 0.3125,
        "acc": 0.296,
        "p@1": 0.3053435114503817,
        "r@1": 0.32
    },
    "d_ppl": 62.324000841183,
    "g_ppl": 90.05193927963899,
    "gm_ppl": 74.9159338152731
}