{
    "self_bleu": 9.643326475362688,
    "acc": {
        "f1": 0.3652173913043478,
        "acc": 0.3080568720379147,
        "p@1": 0.3783783783783784,
        "r@1": 0.35294117647058826
    },
    "d_ppl": 31.264525165431856,
    "g_ppl": 48.46513764081379,
    "gm_ppl": 38.92607757554493,
    "bert_acc": 38.388625592417064
}