{
    "self_bleu": 10.08676874419202,
    "acc": {
        "f1": 0.32116788321167883,
        "acc": 0.29545454545454547,
        "p@1": 0.3013698630136986,
        "r@1": 0.34375
    },
    "d_ppl": 34.42337633426823,
    "g_ppl": 53.47760066460947,
    "gm_ppl": 42.90547253127
}