{
    "self_bleu": 21.51310037339267,
    "acc": {
        "f1": 0.25523012552301255,
        "acc": 0.26899383983572894,
        "p@1": 0.2601279317697228,
        "r@1": 0.25051334702258726
    },
    "d_ppl": 40.10303800202015,
    "g_ppl": 68.55339511001594,
    "gm_ppl": 52.43280851970903
}