{
    "self_bleu": 14.290017225578735,
    "acc": {
        "f1": 0.3280943025540275,
        "acc": 0.311178247734139,
        "p@1": 0.32053742802303264,
        "r@1": 0.33601609657947684
    },
    "d_ppl": 39.80495763086444,
    "g_ppl": 57.383579130053604,
    "gm_ppl": 47.79279167384074,
    "bert_acc": 49.04330312185297
}