{
    "self_bleu": 17.180840006837432,
    "acc": {
        "f1": 0.46421663442940037,
        "acc": 0.4369918699186992,
        "p@1": 0.44036697247706424,
        "r@1": 0.49079754601226994
    },
    "d_ppl": 38.73849750198531,
    "g_ppl": 55.04133203122444,
    "gm_ppl": 46.17595157002757,
    "bert_acc": 52.540650406504064
}