{
    "self_bleu": 30.376761039911298,
    "acc": {
        "f1": 0.3729903536977492,
        "acc": 0.415,
        "p@1": 0.4018475750577367,
        "r@1": 0.348
    },
    "d_ppl": 44.320518058733406,
    "g_ppl": 92.99117104638731,
    "gm_ppl": 64.1982622480093,
    "bert_acc": 40.8
}