{
    "self_bleu": 27.219334447559163,
    "acc": {
        "f1": 0.38031319910514544,
        "acc": 0.446,
        "p@1": 0.43147208121827413,
        "r@1": 0.34
    },
    "d_ppl": 40.96037119866624,
    "g_ppl": 104.82559577543105,
    "gm_ppl": 65.52629482950333,
    "bert_acc": 45.4
}