{
    "self_bleu": 18.482844791921096,
    "acc": {
        "f1": 0.5200845665961945,
        "acc": 0.5260960334029228,
        "p@1": 0.543046357615894,
        "r@1": 0.49898580121703856
    },
    "d_ppl": 31.694672968131325,
    "g_ppl": 48.51426245094249,
    "gm_ppl": 39.21279998511603,
    "bert_acc": 52.2964509394572
}