{
    "self_bleu": 15.45964616822155,
    "acc": {
        "f1": 0.4698492462311558,
        "acc": 0.5177142857142857,
        "p@1": 0.5917721518987342,
        "r@1": 0.38958333333333334
    },
    "d_ppl": 45.56945610142117,
    "g_ppl": 52.68561854247467,
    "gm_ppl": 48.998520195486726
}