{
    "self_bleu": 42.137485945567896,
    "acc": {
        "f1": 0.2842942345924453,
        "acc": 0.27927927927927926,
        "p@1": 0.2826086956521739,
        "r@1": 0.286
    },
    "d_ppl": 31.86731821724236,
    "g_ppl": 81.05628256715435,
    "gm_ppl": 50.823679029308984,
    "bert_acc": 56.85685685685686
}