{
    "self_bleu": 49.65488928697582,
    "acc": {
        "f1": 0.3210633946830266,
        "acc": 0.3319919517102616,
        "p@1": 0.32708333333333334,
        "r@1": 0.3152610441767068
    },
    "d_ppl": 34.802734762422894,
    "g_ppl": 78.33208396179776,
    "gm_ppl": 52.212745010296935
}