{
    "self_bleu": 43.505490651354904,
    "acc": {
        "f1": 0.2996811902231669,
        "acc": 0.33568548387096775,
        "p@1": 0.31614349775784756,
        "r@1": 0.28484848484848485
    },
    "d_ppl": 29.61479763576614,
    "g_ppl": 73.18452437282004,
    "gm_ppl": 46.554751415627386
}