{
  "self_bleu": 30.69351426355294,
  "ref_bleu": 18.10756311083857,
  "gm_bleu": 23.57508741491129,
  "acc": {
    "dis_model": 44.1,
    "bert": 53.5
  },
  "bert_score_P": 0.900989,
  "bert_score_R": 0.911346,
  "bert_score_F": 0.906021,
  "d_ppl": 113.3033588322955,
"pure_gpt2_small": 174.19601294828135,
  "g_ppl": 135.95035438139288,
  "gm_ppl": 124.11136847949383
}