{
  "self_bleu": 38.34663933483477,
  "ref_bleu": 22.52024784701606,
  "gm_bleu": 29.38666061192755,
  "acc": {
    "dis_model": 45.800000000000004,
    "bert": 46.0
  },
  "bert_score_P": 0.905232,
  "bert_score_R": 0.915263,
  "bert_score_F": 0.910084,
  "d_ppl": 89.1211848129118,
"pure_gpt2_small": 147.13136445478668,
  "g_ppl": 117.22453252968846,
  "gm_ppl": 102.21149264239104
}