{
  "self_bleu": 13.942993398868303,
  "ref_bleu": 9.06405627359796,
  "gm_bleu": 11.241889378113768,
  "acc": {
    "dis_model": 46.107178968655205,
    "bert": 55.71284125379171
  },
  "bert_score_P": 0.874962,
  "bert_score_R": 0.899187,
  "bert_score_F": 0.886756,
  "d_ppl": 1126.6859570351587,
"pure_gpt2_small": 64.4914623115176,
  "g_ppl": 47.666486340376196,
  "gm_ppl": 231.74373946432743
}