{
  "self_bleu": 17.49953043187297,
  "ref_bleu": 10.73312060456458,
  "gm_bleu": 13.704910457516338,
  "acc": {
    "dis_model": 49.44388270980789,
    "bert": 53.69059656218403
  },
  "bert_score_P": 0.880673,
  "bert_score_R": 0.899242,
  "bert_score_F": 0.889728,
  "d_ppl": 448.29792538067346,
"pure_gpt2_small": 79.54863853808838,
  "g_ppl": 59.66569971321536,
  "gm_ppl": 163.54818677631584
}