{
  "self_bleu": 35.923026020541236,
  "ref_bleu": 19.434682914436593,
  "gm_bleu": 26.422577846157893,
  "acc": {
    "dis_model": 40.6,
    "bert": 40.0
  },
  "bert_score_P": 0.896363,
  "bert_score_R": 0.908175,
  "bert_score_F": 0.902071,
  "d_ppl": 126.42942202433638,
"pure_gpt2_small": 105.82284507239078,
  "g_ppl": 84.22329049184214,
  "gm_ppl": 103.1906097368912
}