{
	"self_bleu": 33.41540723539004,
	"ref_bleu": 19.608910540284466,
	"gm_bleu": 25.597650891164555,
	"acc": {
		"dis_model": 40.80402010050251,
		"bert": 43.21608040201005
	},
	"bert_score_P": 0.901134,
	"bert_score_R": 0.913115,
	"bert_score_F": 0.906947,
	"d_ppl": 107.44872647688946,
	"pure_gpt2_small": 104.86248630787632,
	"g_ppl": 83.06938728553487,
	"gm_ppl": 94.47592218679972
}