{
  "self_bleu": 31.882968706933053,
  "ref_bleu": 18.972720720990022,
  "gm_bleu": 24.594850294984624,
  "acc": {
    "dis_model": 43.11557788944724,
    "bert": 45.12562814070352
  },
  "bert_score_P": 0.898607,
  "bert_score_R": 0.911498,
  "bert_score_F": 0.904884,
  "d_ppl": 98.68725990785187,
"pure_gpt2_small": 107.52553597544288,
  "g_ppl": 83.63239396486237,
  "gm_ppl": 90.84851016899636
}