{
  "f1": 0.7291028446389497,
  "acc": 0.6905,
  "p@1": 0.6482490272373541,
  "r@1": 0.833,
  "s-bleu(c)": 35.98781819918875,
  "s-bleu": 30.672919114255997
}