{
  "f1": 0.794755877034358,
  "acc": 0.773,
  "p@1": 0.7252475247524752,
  "r@1": 0.879,
  "s-bleu(c)": 32.4689800988602,
  "s-bleu": 27.1309951244681
}