{
  "f1": 0.7950191570881225,
  "acc": 0.7799485861182519,
  "p@1": 0.7338638373121131,
  "r@1": 0.8672936259143156,
  "s-bleu(c)": 12.95775293074834,
  "s-bleu": 11.948208240783512
}