{
  "f1": 0.7963048498845265,
  "acc": 0.7729145211122554,
  "p@1": 0.7298899237933955,
  "r@1": 0.8760162601626016,
  "s-bleu(c)": 16.73164102622199,
  "s-bleu": 14.407646823796041
}