{
  "f1": 0.5417549809241204,
  "acc": 0.45895895895895894,
  "p@1": 0.4695077149155033,
  "r@1": 0.6402805611222445,
  "s-bleu(c)": 33.32185203905242,
  "s-bleu": 28.402002865278302
}