{
  "f1": 0.5620915032679739,
  "acc": 0.5618712273641852,
  "p@1": 0.5618090452261306,
  "r@1": 0.562374245472837,
  "s-bleu(c)": 30.32344753134858,
  "s-bleu": 26.579614797667965
}