{
  "f1": 0.611013986013986,
  "acc": 0.5518630412890232,
  "p@1": 0.5385208012326657,
  "r@1": 0.706060606060606,
  "s-bleu(c)": 33.04385033633023,
  "s-bleu": 28.712023647380818
}