{
    "self_bleu": 30.875393408997155,
    "ref_bleu": 17.34184104334152,
    "gm_bleu": 23.139493612641207,
    "acc": 53.4,
    "bert_score_P": 0.8969,
    "bert_score_R": 0.910824,
    "bert_score_F": 0.903679,
    "d_ppl": 57.870624887200904,
    "g_ppl": 161.17727164103056,
    "gm_ppl": 96.57861785861591
}