{
    "self_bleu": 37.47122590235167,
    "ref_bleu": 20.697284045879073,
    "gm_bleu": 27.84874514315275,
    "acc": 45.8,
    "bert_score_P": 0.900982,
    "bert_score_R": 0.91465,
    "bert_score_F": 0.907614,
    "d_ppl": 47.67966716611059,
    "g_ppl": 139.80605562959872,
    "gm_ppl": 81.64500107309699
}