{
    "self_bleu": 16.035706375507324,
    "ref_bleu": 8.867683559812741,
    "gm_bleu": 11.924746110340072,
    "acc": 53.48837209302326,
    "bert_score_P": 0.87581,
    "bert_score_R": 0.898784,
    "bert_score_F": 0.887,
    "d_ppl": 57.717231512245526,
    "g_ppl": 72.36242504627066,
    "gm_ppl": 64.62630145059454
}