{
    "self_bleu": 11.794527102210997,
    "ref_bleu": 6.897110785477688,
    "gm_bleu": 9.019321487022644,
    "acc": 55.81395348837209,
    "bert_score_P": 0.867991,
    "bert_score_R": 0.898332,
    "bert_score_F": 0.882723,
    "d_ppl": 60.61908943210714,
    "g_ppl": 59.72107882097431,
    "gm_ppl": 60.168408804210216
}