{
    "self_bleu": 33.32781342644594,
    "ref_bleu": 17.495540793536026,
    "gm_bleu": 24.147217631887585,
    "acc": 39.8,
    "bert_score_P": 0.892149,
    "bert_score_R": 0.907559,
    "bert_score_F": 0.899614,
    "d_ppl": 46.307089488689414,
    "g_ppl": 99.67230988533669,
    "gm_ppl": 67.9377257008554
}