{
    "self_bleu": 29.567232463470656,
    "ref_bleu": 16.336606329131953,
    "gm_bleu": 21.97790338038755,
    "acc": 44.92462311557789,
    "bert_score_P": 0.893379,
    "bert_score_R": 0.910889,
    "bert_score_F": 0.90191,
    "d_ppl": 43.04862107652696,
    "g_ppl": 103.78257017074895,
    "gm_ppl": 66.84082986938928
}