{
    "self_bleu": 31.401044850138902,
    "ref_bleu": 17.317331508131648,
    "gm_bleu": 23.319140279426374,
    "acc": 43.517587939698494,
    "bert_score_P": 0.895616,
    "bert_score_R": 0.912492,
    "bert_score_F": 0.903818,
    "d_ppl": 44.23054821346968,
    "g_ppl": 103.82709493921553,
    "gm_ppl": 67.7667272972029
}