{
    "bert_del": {
        "self_bleu": 62.07874329621858,
        "acc": {
            "f1": 0.5077399380804953,
            "acc": 0.523,
            "p@1": 0.5245202558635395,
            "r@1": 0.492
        },
        "d_ppl": 41.427927894385796,
        "g_ppl": 119.09882204291775,
        "gm_ppl": 70.2425612566931,
        "bert_acc": 53.7
    },
    "source": {
        "self_bleu": 99.99541712398383,
        "acc": {
            "f1": 0.1502057613168724,
            "acc": 0.174,
            "p@1": 0.15466101694915255,
            "r@1": 0.146
        },
        "d_ppl": 21.773859520095122,
        "g_ppl": 112.14160183767657,
        "gm_ppl": 49.41412232117465
    }
}