{
  "self_bleu": 30.69351426355294,
  "ref_bleu": 18.10756311083857,
  "gm_bleu": 23.57508741491129,
  "acc": 45.5,
  "bert_score_P": 0.8969,
  "bert_score_R": 0.910824,
  "bert_score_F": 0.903679,
  "d_ppl": 62.92115672585475,
  "g_ppl": 161.17727164103056,
  "gm_ppl": 100.7048180057486
}