{
  "self_bleu": 17.50333016792091,
  "ref_bleu": 10.73312060456458,
  "gm_bleu": 13.706398275032312,
  "acc": 48.634984833164815,
  "bert_score_P": 0.87581,
  "bert_score_R": 0.898784,
  "bert_score_F": 0.887,
  "d_ppl": 56.877340369280915,
  "g_ppl": 72.36242504627066,
  "gm_ppl": 64.1543629015464
}