{
  "self_bleu": 35.923026020541236,
  "ref_bleu": 19.434682914436593,
  "gm_bleu": 26.422577846157893,
  "acc": 40.8,
  "bert_score_P": 0.892149,
  "bert_score_R": 0.907559,
  "bert_score_F": 0.899614,
  "d_ppl": 47.800009275452936,
  "g_ppl": 99.67230988533669,
  "gm_ppl": 69.02417936509578
}