{
  "self_bleu": 31.882968706933053,
  "ref_bleu": 18.972720720990022,
  "gm_bleu": 24.594850294984624,
  "acc": 44.120603015075375,
  "bert_score_P": 0.893379,
  "bert_score_R": 0.910889,
  "bert_score_F": 0.90191,
  "d_ppl": 48.1493620703424,
  "g_ppl": 103.78257017074895,
  "gm_ppl": 70.68991828925896
}