{
    "stytrans_cond": {
        "self_bleu": 53.32362323937598,
        "acc": {
            "f1": 0.9002036659877801,
            "acc": 0.902,
            "p@1": 0.91701244813278,
            "r@1": 0.884
        },
        "d_ppl": 85.19085468026176,
        "g_ppl": 396.2762929106594,
        "gm_ppl": 183.7365398677814,
        "ref_bleu": 20.169185407548046,
        "gm_bleu": 32.79472585214293,
        "bert_score_P ": 0.891256,
        "bert_score_R": 0.909714,
        "bert_score_F": 0.900252,
        "bert_acc": 90.6
    },
    "styleembedding": {
        "self_bleu": 67.42714506484207,
        "acc": {
            "f1": 0.10069101678183613,
            "acc": 0.089,
            "p@1": 0.09941520467836257,
            "r@1": 0.102
        },
        "d_ppl": 57.570209458527856,
        "g_ppl": 321.7588814441146,
        "gm_ppl": 136.1018963860508,
        "ref_bleu": 17.714918653453363,
        "gm_bleu": 34.56105307797025,
        "bert_score_P ": 0.886222,
        "bert_score_R": 0.901562,
        "bert_score_F": 0.893703,
        "bert_acc": 8.6
    },
    "bert_ret_tfidf": {
        "self_bleu": 45.61848419954765,
        "acc": {
            "f1": 0.7686196623634558,
            "acc": 0.767,
            "p@1": 0.7633136094674556,
            "r@1": 0.774
        },
        "d_ppl": 60.958214255735804,
        "g_ppl": 280.0071047762809,
        "gm_ppl": 130.64736157336205,
        "ref_bleu": 19.19738727537612,
        "gm_bleu": 29.593169956838732,
        "bert_score_P ": 0.892815,
        "bert_score_R": 0.905372,
        "bert_score_F": 0.898897,
        "bert_acc": 79.7
    },
    "bert_del": {
        "self_bleu": 45.21532603867283,
        "acc": {
            "f1": 0.8500517063081695,
            "acc": 0.855,
            "p@1": 0.880085653104925,
            "r@1": 0.822
        },
        "d_ppl": 37.97843867735112,
        "g_ppl": 201.11139495968,
        "gm_ppl": 87.39506153549381,
        "ref_bleu": 19.235342150751844,
        "gm_bleu": 29.491223555689764,
        "bert_score_P ": 0.897913,
        "bert_score_R": 0.912125,
        "bert_score_F": 0.904814,
        "bert_acc": 89.4
    },
    "crossaligned": {
        "self_bleu": 20.74146151931071,
        "acc": {
            "f1": 0.745631067961165,
            "acc": 0.738,
            "p@1": 0.7245283018867924,
            "r@1": 0.768
        },
        "d_ppl": 72.97788753671298,
        "g_ppl": 377.1988314282214,
        "gm_ppl": 165.91315167565318,
        "ref_bleu": 7.441188578523026,
        "gm_bleu": 12.423410423847782,
        "bert_score_P ": 0.862256,
        "bert_score_R": 0.878618,
        "bert_score_F": 0.870236,
        "bert_acc": 72.8
    },
    "imat": {
        "self_bleu": 16.920225338404464,
        "acc": {
            "f1": 0.9322709163346613,
            "acc": 0.932,
            "p@1": 0.9285714285714286,
            "r@1": 0.936
        },
        "d_ppl": 13.55169812399065,
        "g_ppl": 115.12372286640156,
        "gm_ppl": 39.498378943893805,
        "ref_bleu": 8.657360826180888,
        "gm_bleu": 12.103077956241382,
        "bert_score_P ": 0.885811,
        "bert_score_R": 0.893008,
        "bert_score_F": 0.889249,
        "bert_acc": 92.2
    },
    "multidecoder": {
        "self_bleu": 40.07368552329072,
        "acc": {
            "f1": 0.5137440758293839,
            "acc": 0.487,
            "p@1": 0.4882882882882883,
            "r@1": 0.542
        },
        "d_ppl": 142.18664293167376,
        "g_ppl": 629.9781119186379,
        "gm_ppl": 299.28994780003114,
        "ref_bleu": 12.17988867271023,
        "gm_bleu": 22.092827532456788,
        "bert_score_P ": 0.865672,
        "bert_score_R": 0.882468,
        "bert_score_F": 0.873872,
        "bert_acc": 46.9
    },
    "dualrl": {
        "self_bleu": 45.63603612317236,
        "acc": {
            "f1": 0.8816326530612244,
            "acc": 0.884,
            "p@1": 0.9,
            "r@1": 0.864
        },
        "d_ppl": 41.049771345002306,
        "g_ppl": 216.82423776355097,
        "gm_ppl": 94.34291378926233,
        "ref_bleu": 48.85125797548007,
        "gm_bleu": 47.216287164827136,
        "bert_score_P ": 0.940477,
        "bert_score_R": 0.953146,
        "bert_score_F": 0.946666,
        "bert_acc": 90.1
    },
    "styins": {
        "self_bleu": 53.09745640856425,
        "acc": {
            "f1": 0.9153543307086616,
            "acc": 0.914,
            "p@1": 0.9011627906976745,
            "r@1": 0.93
        },
        "d_ppl": 59.255221689217414,
        "g_ppl": 333.665065526361,
        "gm_ppl": 140.61080124838125,
        "ref_bleu": 20.756668472412894,
        "gm_bleu": 33.19828759741929,
        "bert_score_P ": 0.892089,
        "bert_score_R": 0.908587,
        "bert_score_F": 0.900137,
        "bert_acc": 91.5
    },
    "revision_style": {
        "self_bleu": 13.24522280133675,
        "acc": {
            "f1": 0.9507537688442211,
            "acc": 0.951,
            "p@1": 0.9555555555555556,
            "r@1": 0.946
        },
        "d_ppl": 12.272392722617763,
        "g_ppl": 98.99109263092826,
        "gm_ppl": 34.8548069110673,
        "ref_bleu": 6.493983586120826,
        "gm_bleu": 9.274387282532153,
        "bert_score_P ": 0.872879,
        "bert_score_R": 0.888548,
        "bert_score_F": 0.880519,
        "bert_acc": 95.8
    },
    "revision_balanced": {
        "self_bleu": 13.237530956648575,
        "acc": {
            "f1": 0.9056603773584906,
            "acc": 0.905,
            "p@1": 0.8994082840236687,
            "r@1": 0.912
        },
        "d_ppl": 11.708295423382445,
        "g_ppl": 79.52330738959995,
        "gm_ppl": 30.513642456479833,
        "ref_bleu": 6.287670707046599,
        "gm_bleu": 9.123225067361968,
        "bert_score_P ": 0.871109,
        "bert_score_R": 0.889182,
        "bert_score_F": 0.879919,
        "bert_acc": 90.7
    },
    "revision_content": {
        "self_bleu": 18.635990743494695,
        "acc": {
            "f1": 0.8634984833164813,
            "acc": 0.865,
            "p@1": 0.8732106339468303,
            "r@1": 0.854
        },
        "d_ppl": 15.892139836805791,
        "g_ppl": 112.53056074229634,
        "gm_ppl": 42.28890406750619,
        "ref_bleu": 8.735232415456382,
        "gm_bleu": 12.758907101970761,
        "bert_score_P ": 0.878457,
        "bert_score_R": 0.892482,
        "bert_score_F": 0.885284,
        "bert_acc": 88.2
    },
    "deleteandretrieve": {
        "self_bleu": 36.74945934309012,
        "acc": {
            "f1": 0.8875621890547264,
            "acc": 0.887,
            "p@1": 0.8831683168316832,
            "r@1": 0.892
        },
        "d_ppl": 57.733970447143484,
        "g_ppl": 272.9553045904482,
        "gm_ppl": 125.5340331886775,
        "ref_bleu": 13.436736963591727,
        "gm_bleu": 22.221449519491532,
        "bert_score_P ": 0.872364,
        "bert_score_R": 0.892311,
        "bert_score_F": 0.882068,
        "bert_acc": 88.9
    },
    "tsst_sparse": {
        "self_bleu": 58.90442531687579,
        "acc": {
            "f1": 0.906374501992032,
            "acc": 0.906,
            "p@1": 0.9027777777777778,
            "r@1": 0.91
        },
        "d_ppl": 50.6998808882039,
        "g_ppl": 283.77411396831616,
        "gm_ppl": 119.94712909173452,
        "ref_bleu": 22.811109003358172,
        "gm_bleu": 36.6561763783871,
        "bert_score_P ": 0.8987,
        "bert_score_R": 0.914255,
        "bert_score_F": 0.906283,
        "bert_acc": 89.8
    },
    "tsst_dense": {
        "self_bleu": 59.214985917379025,
        "acc": {
            "f1": 0.9165829145728643,
            "acc": 0.917,
            "p@1": 0.9212121212121213,
            "r@1": 0.912
        },
        "d_ppl": 52.91759039339673,
        "g_ppl": 286.50762931086706,
        "gm_ppl": 123.13120389428347,
        "ref_bleu": 23.077278465274343,
        "gm_bleu": 36.96648102447208,
        "bert_score_P ": 0.898727,