{
    "self_bleu": 7.850801567589285,
    "acc": {
        "f1": 0.7216174183514774,
        "acc": 0.7016666666666667,
        "p@1": 0.6763848396501457,
        "r@1": 0.7733333333333333
    },
    "d_ppl": 71.98689211601457,
    "g_ppl": 91.33351817522815,
    "gm_ppl": 81.08523983719975,
    "ref_bleu": 3.0112694864055856,
    "gm_bleu": 4.862188725698207,
    "bert_score_P ": 0.871926,
    "bert_score_R": 0.888784,
    "bert_score_F": 0.88016
}