{
    "self_bleu": 2.209372890221235,
    "acc": {
        "f1": 0.7678571428571428,
        "acc": 0.74,
        "p@1": 0.6935483870967742,
        "r@1": 0.86
    },
    "d_ppl": 115.37904353909623,
    "g_ppl": 105.93798603435474,
    "gm_ppl": 110.5577835482513,
    "ref_bleu": 1.0357773917028437,
    "gm_bleu": 1.5127519590244543,
    "bert_score_P ": 0.851978,
    "bert_score_R": 0.880556,
    "bert_score_F": 0.865934,
    "bert_acc": 79.83333333333333
}