{
    "self_bleu": 6.2446902896320235,
    "acc": {
        "f1": 0.8139534883720931,
        "acc": 0.8095238095238095,
        "p@1": 0.7980456026058632,
        "r@1": 0.8305084745762712
    },
    "d_ppl": 55.09849964486139,
    "g_ppl": 39.0810784003779,
    "gm_ppl": 46.40375829999141,
    "ref_bleu": 2.3451635158904733,
    "gm_bleu": 3.8268550841755866,
    "bert_score_P ": 0.836888,
    "bert_score_R": 0.880925,
    "bert_score_F": 0.858212
}