{
    "self_bleu": 5.185389322134023,
    "acc": {
        "f1": 0.862015503875969,
        "acc": 0.8514190317195326,
        "p@1": 0.8057971014492754,
        "r@1": 0.9266666666666666
    },
    "d_ppl": 63.799822035499204,
    "g_ppl": 48.06968954369594,
    "gm_ppl": 55.37903608938583,
    "ref_bleu": 1.999117088321189,
    "gm_bleu": 3.219658429628266,
    "bert_score_P ": 0.847476,
    "bert_score_R": 0.88747,
    "bert_score_F": 0.866911
}