{
    "self_bleu": 13.29280515908319,
    "acc": {
        "f1": 0.7287581699346405,
        "acc": 0.7233333333333334,
        "p@1": 0.7147435897435898,
        "r@1": 0.7433333333333333
    },
    "d_ppl": 55.592051237814054,
    "g_ppl": 82.91253708930432,
    "gm_ppl": 67.89166377491249,
    "ref_bleu": 5.407705544378223,
    "gm_bleu": 8.478418258089985,
    "bert_score_P ": 0.875829,
    "bert_score_R": 0.892175,
    "bert_score_F": 0.88379,
    "bert_acc": 73.0
}