{
    "self_bleu": 3.5841210225835365,
    "acc": {
        "f1": 0.7951807228915663,
        "acc": 0.7951807228915663,
        "p@1": 0.7965517241379311,
        "r@1": 0.7938144329896907
    },
    "d_ppl": 72.49924718979928,
    "g_ppl": 77.80840925122419,
    "gm_ppl": 75.10693107662945,
    "ref_bleu": 1.830112138537808,
    "gm_bleu": 2.561121510084727,
    "bert_score_P ": 0.866205,
    "bert_score_R": 0.887529,
    "bert_score_F": 0.876614,
    "bert_acc": 77.4526678141136
}