{
    "self_bleu": 3.049778646579922,
    "acc": {
        "f1": 0.8362989323843416,
        "acc": 0.8321167883211679,
        "p@1": 0.8216783216783217,
        "r@1": 0.8514492753623188
    },
    "d_ppl": 62.39914009473054,
    "g_ppl": 65.02253050376758,
    "gm_ppl": 63.69733110749997,
    "ref_bleu": 1.354449589233703,
    "gm_bleu": 2.0324299336296674,
    "bert_score_P ": 0.862336,
    "bert_score_R": 0.88264,
    "bert_score_F": 0.872252,
    "bert_acc": 84.30656934306569
}