{
    "styleembedding": {
        "self_bleu": 31.23088158896204,
        "acc": {
            "f1": 0.4547169811320755,
            "acc": 0.422,
            "p@1": 0.4303571428571429,
            "r@1": 0.482
        },
        "d_ppl": 92.75556733806245,
        "g_ppl": 403.3840787958729,
        "gm_ppl": 193.43246646789385,
        "ref_bleu": 11.400850075396827,
        "gm_bleu": 18.869515063144238,
        "bert_score_P ": 0.856577,
        "bert_score_R": 0.869544,
        "bert_score_F": 0.862877,
        "bert_acc": 40.3
    },
    "g_gst": {
        "self_bleu": 45.77656846838086,
        "acc": {
            "f1": 0.5412004069175992,
            "acc": 0.549,
            "p@1": 0.5507246376811594,
            "r@1": 0.532
        },
        "d_ppl": 144.64895601801334,
        "g_ppl": 461.77658900454713,
        "gm_ppl": 258.44825693563297,
        "ref_bleu": 18.520006125739506,
        "gm_bleu": 29.116701881390128,
        "bert_score_P ": 0.875727,
        "bert_score_R": 0.887703,
        "bert_score_F": 0.881547,
        "bert_acc": 59.2
    },
    "retrieveonly": {
        "self_bleu": 4.432904129420937,
        "acc": {
            "f1": 0.9811320754716981,
            "acc": 0.981,
            "p@1": 0.9743589743589743,
            "r@1": 0.988
        },
        "d_ppl": 38.61818893989677,
        "g_ppl": 117.26400898924301,
        "gm_ppl": 67.29430625986376,
        "ref_bleu": 2.156827243586965,
        "gm_bleu": 3.092088031499788,
        "bert_score_P ": 0.83192,
        "bert_score_R": 0.859855,
        "bert_score_F": 0.845468,
        "bert_acc": 92.5
    },
    "b_gst": {
        "self_bleu": 52.27660373437726,
        "acc": {
            "f1": 0.569402228976697,
            "acc": 0.575,
            "p@1": 0.5770020533880903,
            "r@1": 0.562
        },
        "d_ppl": 41.42650227505882,
        "g_ppl": 183.10151029093757,
        "gm_ppl": 87.09337019908135,
        "ref_bleu": 21.549839663216005,
        "gm_bleu": 33.564153923692295,
        "bert_score_P ": 0.891979,
        "bert_score_R": 0.89885,
        "bert_score_F": 0.895273,
        "bert_acc": 61.6
    },
    "multi_decoder": {
        "self_bleu": 18.23832613206844,
        "acc": {
            "f1": 0.6763565891472869,
            "acc": 0.666,
            "p@1": 0.6560150375939849,
            "r@1": 0.698
        },
        "d_ppl": 106.0379246330899,
        "g_ppl": 435.529392017791,
        "gm_ppl": 214.90144914885516,
        "ref_bleu": 7.0299571716938765,
        "gm_bleu": 11.323190875006318,
        "bert_score_P ": 0.84645,
        "bert_score_R": 0.858528,
        "bert_score_F": 0.85233,
        "bert_acc": 65.6
    },
    "crossaligned": {
        "self_bleu": 2.485213044675493,
        "acc": {
            "f1": 0.7349624060150377,
            "acc": 0.718,
            "p@1": 0.6932624113475178,
            "r@1": 0.782
        },
        "d_ppl": 28.05973749107767,
        "g_ppl": 151.57623753057365,
        "gm_ppl": 65.21648131410596,
        "ref_bleu": 1.384629858880152,
        "gm_bleu": 1.855020266017636,
        "bert_score_P ": 0.845343,
        "bert_score_R": 0.853455,
        "bert_score_F": 0.849237,
        "bert_acc": 68.4
    },
    "revision_content": {
        "self_bleu": 19.38876511560959,
        "acc": {
            "f1": 0.7915407854984895,
            "acc": 0.793,
            "p@1": 0.7971602434077079,
            "r@1": 0.786
        },
        "d_ppl": 19.83293020186564,
        "g_ppl": 113.83702481352205,
        "gm_ppl": 47.51548976401937,
        "ref_bleu": 9.060345914957797,
        "gm_bleu": 13.254015195829888,
        "bert_score_P ": 0.868089,
        "bert_score_R": 0.872188,
        "bert_score_F": 0.869965,
        "bert_acc": 78.3
    },
    "sst": {
        "self_bleu": 44.79809834911296,
        "acc": {
            "f1": 0.584795321637427,
            "acc": 0.574,
            "p@1": 0.5703422053231939,
            "r@1": 0.6
        },
        "d_ppl": 97.72988159851309,
        "g_ppl": 403.84577241012784,
        "gm_ppl": 198.66504353232818,
        "ref_bleu": 20.678462775141767,
        "gm_bleu": 30.436093854324874,
        "bert_score_P ": 0.875086,
        "bert_score_R": 0.879783,
        "bert_score_F": 0.877183,
        "bert_acc": 49.9
    },
    "deleteonly": {
        "self_bleu": 54.43148623324182,
        "acc": {
            "f1": 0.49317738791423005,
            "acc": 0.48,
            "p@1": 0.48098859315589354,
            "r@1": 0.506
        },
        "d_ppl": 62.271638264846565,
        "g_ppl": 255.50087491115121,
        "gm_ppl": 126.13666421314232,
        "ref_bleu": 21.226574700319016,
        "gm_bleu": 33.99108719325249,
        "bert_score_P ": 0.878286,
        "bert_score_R": 0.89764,
        "bert_score_F": 0.887703,
        "bert_acc": 44.2
    },
    "revision_style": {
        "self_bleu": 15.155049409505958,
        "acc": {
            "f1": 0.8712273641851106,
            "acc": 0.872,
            "p@1": 0.8765182186234818,
            "r@1": 0.866
        },
        "d_ppl": 13.087929220599584,
        "g_ppl": 89.45325569597928,
        "gm_ppl": 34.21633935857507,
        "ref_bleu": 7.840128274152739,
        "gm_bleu": 10.900345470288977,
        "bert_score_P ": 0.870705,
        "bert_score_R": 0.873647,
        "bert_score_F": 0.872008,
        "bert_acc": 87.3
    },
    "revision_balanced": {
        "self_bleu": 21.88132937043449,
        "acc": {
            "f1": 0.7975951903807615,
            "acc": 0.798,
            "p@1": 0.7991967871485943,
            "r@1": 0.796
        },
        "d_ppl": 19.042795478652266,
        "g_ppl": 114.47473675667308,
        "gm_ppl": 46.68960269192578,
        "ref_bleu": 11.16951921609442,
        "gm_bleu": 15.633423453510087,
        "bert_score_P ": 0.874281,
        "bert_score_R": 0.878011,
        "bert_score_F": 0.875986,
        "bert_acc": 80.9
    },
    "deleteandretrieve": {
        "self_bleu": 56.44344517628531,
        "acc": {
            "f1": 0.5108910891089108,
            "acc": 0.506,
            "p@1": 0.5058823529411764,
            "r@1": 0.516
        },
        "d_ppl": 59.11624643939578,
        "g_ppl": 229.9519086717782,
        "gm_ppl": 116.59285442191675,
        "ref_bleu": 22.567658904134618,
        "gm_bleu": 35.690284646001764,
        "bert_score_P ": 0.880661,
        "bert_score_R": 0.903813,
        "bert_score_F": 0.891934,
        "bert_acc": 50.0
    },
    "templatebased": {
        "self_bleu": 67.75158689393722,
        "acc": {
            "f1": 0.7118997912317327,
            "acc": 0.724,
            "p@1": 0.7445414847161572,
            "r@1": 0.682
        },
        "d_ppl": 105.19119532154069,
        "g_ppl": 370.04504856426746,
        "gm_ppl": 197.2954155100743,
        "ref_bleu": 26.48501627351818,
        "gm_bleu": 42.36038103514424,
        "bert_score_P ": 0.87892,
        "bert_score_R": 0.902892,
        "bert_score_F": 0.890579,
        "bert_acc": 59.2
    }
}