{
    "self_bleu": 24.827041069019646,
    "acc": {
        "f1": 0.5058448459086079,
        "acc": 0.535,
        "p@1": 0.5396825396825397,
        "r@1": 0.476
    },
    "d_ppl": 43.061032772241596,
    "g_ppl": 152.7986527565743,
    "gm_ppl": 81.11515144475297,
    "ref_bleu": 13.566107171265509,
    "gm_bleu": 18.352283233639643,
    "bert_score_P ": 0.890161,
    "bert_score_R": 0.907251,
    "bert_score_F": 0.898493,
    "bert_acc": 66.1
}