{
    "self_bleu": 37.941498044337266,
    "acc": {
        "f1": 0.5046535677352637,
        "acc": 0.521,
        "p@1": 0.5224839400428265,
        "r@1": 0.488
    },
    "d_ppl": 30.11168649470394,
    "g_ppl": 112.34228656284704,
    "gm_ppl": 58.16197824247934,
    "ref_bleu": 21.503534727007718,
    "gm_bleu": 28.563548812973185,
    "bert_score_P ": 0.899659,
    "bert_score_R": 0.913735,
    "bert_score_F": 0.906497
}