{
    "self_bleu": 8.09449818369204,
    "acc": {
        "f1": 0.7250554323725055,
        "acc": 0.7507537688442211,
        "p@1": 0.8074074074074075,
        "r@1": 0.6579476861167002
    },
    "d_ppl": 24.528966099151617,
    "g_ppl": 31.379030282465884,
    "gm_ppl": 27.743380652380086,
    "ref_bleu": 4.445602533962304,
    "gm_bleu": 5.998743338114626,
    "bert_score_P ": 0.847427,
    "bert_score_R": 0.891043,
    "bert_score_F": 0.868484
}