{
    "self_bleu": 8.481284688982772,
    "acc": {
        "f1": 0.6847237269772481,
        "acc": 0.7084168336673347,
        "p@1": 0.7470449172576832,
        "r@1": 0.632
    },
    "d_ppl": 29.794065342460524,
    "g_ppl": 44.552029487820995,
    "gm_ppl": 36.43331000196615,
    "ref_bleu": 4.978698283745104,
    "gm_bleu": 6.498134926653351,
    "bert_score_P ": 0.857477,
    "bert_score_R": 0.890427,
    "bert_score_F": 0.873506,
    "bert_acc": 81.2625250501002
}