{
    "self_bleu": 29.269065411282636,
    "acc": {
        "f1": 0.481592039800995,
        "acc": 0.47847847847847846,
        "p@1": 0.4782608695652174,
        "r@1": 0.4849699398797595
    },
    "d_ppl": 32.855095615028524,
    "g_ppl": 91.26608430891581,
    "gm_ppl": 54.75907163547136,
    "ref_bleu": 15.681568617593577,
    "gm_bleu": 21.423931889825067,
    "bert_score_P ": 0.890768,
    "bert_score_R": 0.905854,
    "bert_score_F": 0.898077,
    "bert_acc": 56.45645645645646
}