{
    "self_bleu": 18.535013970439092,
    "acc": {
        "f1": 0.5441176470588236,
        "acc": 0.5625,
        "p@1": 0.5704845814977973,
        "r@1": 0.5200803212851406
    },
    "d_ppl": 29.03730940184019,
    "g_ppl": 100.60922417140193,
    "gm_ppl": 54.050172718910865,
    "ref_bleu": 10.862569369893226,
    "gm_bleu": 14.189357808788765,
    "bert_score_P ": 0.887675,
    "bert_score_R": 0.901638,
    "bert_score_F": 0.894457,
    "bert_acc": 67.13709677419355
}