{
    "self_bleu": 18.216481092999352,
    "acc": {
        "f1": 0.5358255451713395,
        "acc": 0.5475708502024291,
        "p@1": 0.548936170212766,
        "r@1": 0.5233265720081136
    },
    "d_ppl": 27.606630286286613,
    "g_ppl": 90.41592239435049,
    "gm_ppl": 49.96077402857582,
    "ref_bleu": 10.620536531655834,
    "gm_bleu": 13.909306342388804,
    "bert_score_P ": 0.885944,
    "bert_score_R": 0.902038,
    "bert_score_F": 0.893759
}