{
    "self_bleu": 22.904056583691478,
    "acc": {
        "f1": 0.43729903536977494,
        "acc": 0.475,
        "p@1": 0.47113163972286376,
        "r@1": 0.408
    },
    "d_ppl": 39.964582428154834,
    "g_ppl": 97.68263627338803,
    "gm_ppl": 62.480763192740234
}