{
    "self_bleu": 38.694083304014185,
    "acc": {
        "f1": 0.3623481781376518,
        "acc": 0.37,
        "p@1": 0.3668032786885246,
        "r@1": 0.358
    },
    "d_ppl": 30.392173421950808,
    "g_ppl": 76.01247105073354,
    "gm_ppl": 48.06437560610674,
    "bert_acc": 36.4
}