{
    "self_bleu": 31.331107069478957,
    "acc": {
        "f1": 0.5165165165165164,
        "acc": 0.5061349693251533,
        "p@1": 0.5058823529411764,
        "r@1": 0.5276073619631901
    },
    "d_ppl": 36.02509728051016,
    "g_ppl": 78.30630385471139,
    "gm_ppl": 53.113013603477306,
    "bert_acc": 51.329243353783234
}