{
    "self_bleu": 31.775209649524,
    "acc": {
        "f1": 0.5405405405405405,
        "acc": 0.48911917098445595,
        "p@1": 0.4923599320882852,
        "r@1": 0.5991735537190083
    },
    "d_ppl": 29.26664874947701,
    "g_ppl": 70.48236404522501,
    "gm_ppl": 45.417866435405884,
    "bert_acc": 49.119170984455955
}