{
    "self_bleu": 42.955138557484474,
    "acc": {
        "f1": 0.29411764705882354,
        "acc": 0.304,
        "p@1": 0.29835390946502055,
        "r@1": 0.29
    },
    "d_ppl": 39.775368357961675,
    "g_ppl": 82.6011475372885,
    "gm_ppl": 57.319203327383995,
    "bert_acc": 26.7
}