{
    "self_bleu": 31.56622267809645,
    "acc": {
        "f1": 0.35418875927889715,
        "acc": 0.38360323886639675,
        "p@1": 0.3752808988764045,
        "r@1": 0.3353413654618474
    },
    "d_ppl": 35.99757987524387,
    "g_ppl": 78.6363820441342,
    "gm_ppl": 53.204505859315276,
    "bert_acc": 38.05668016194332
}