{
    "self_bleu": 25.520488945858922,
    "acc": {
        "f1": 0.33598183881952326,
        "acc": 0.39752832131822863,
        "p@1": 0.3690773067331671,
        "r@1": 0.30833333333333335
    },
    "d_ppl": 35.27742434967314,
    "g_ppl": 79.50747398306022,
    "gm_ppl": 52.960540959010345
}