{
	"self_bleu": 31.45396847149372,
	"acc": {
		"f1": 0.7888888888888889,
		"acc": 0.81,
		"p@1": 0.8875,
		"r@1": 0.71
	},
	"d_ppl": 47.431518204015845,
	"g_ppl": 160.54408726068746,
	"gm_ppl": 87.26310673734007,
	"ref_bleu": 16.06864666953385,
	"gm_bleu": 22.48160816585616,
	"bert_score_P ": 0.903601,
	"bert_score_R": 0.921116,
	"bert_score_F": 0.912159
}
