{
    "self_bleu": 36.02386990373756,
    "acc": {
        "f1": 0.7088888888888888,
        "acc": 0.738,
        "p@1": 0.7975,
        "r@1": 0.638
    },
    "d_ppl": 36.70972082063484,
    "g_ppl": 132.8241367931564,
    "gm_ppl": 69.82790974902932,
    "ref_bleu": 17.216511092591197,
    "gm_bleu": 24.90392249818811,
    "bert_score_P ": 0.905447,
    "bert_score_R": 0.923518,
    "bert_score_F": 0.914281,
    "bert_acc": 81.4
}