{
    "self_bleu": 12.19870379659145,
    "acc": {
        "f1": 0.8159645232815964,
        "acc": 0.8302658486707567,
        "p@1": 0.8782816229116945,
        "r@1": 0.7619047619047619
    },
    "d_ppl": 74.26521640644216,
    "g_ppl": 55.86661788489397,
    "gm_ppl": 64.41231611359478,
    "ref_bleu": 5.981310686375294,
    "gm_bleu": 8.541910639808831,
    "bert_score_P ": 0.872845,
    "bert_score_R": 0.906581,
    "bert_score_F": 0.889218,
    "bert_acc": 91.30879345603272
}