{
    "self_bleu": 14.686149396231428,
    "acc": {
        "f1": 0.8036998972250771,
        "acc": 0.8066801619433198,
        "p@1": 0.8248945147679325,
        "r@1": 0.7835671342685371
    },
    "d_ppl": 58.496114029689835,
    "g_ppl": 67.80593511721362,
    "gm_ppl": 62.979232390576804,
    "ref_bleu": 7.540053484354978,
    "gm_bleu": 10.523039101267871,
    "bert_score_P ": 0.879047,
    "bert_score_R": 0.906856,
    "bert_score_F": 0.892595
}