{
    "self_bleu": 29.727464100031263,
    "acc": {
        "f1": 0.583710407239819,
        "acc": 0.632,
        "p@1": 0.671875,
        "r@1": 0.516
    },
    "d_ppl": 37.47400155880628,
    "g_ppl": 90.46928983434945,
    "gm_ppl": 58.22582166252794,
    "ref_bleu": 12.759123778741296,
    "gm_bleu": 19.475533216843825,
    "bert_score_P ": 0.893959,
    "bert_score_R": 0.913899,
    "bert_score_F": 0.903661
}