{
    "self_bleu": 29.464469819279437,
    "acc": {
        "f1": 0.6650887573964497,
        "acc": 0.7161484453360081,
        "p@1": 0.8097982708933718,
        "r@1": 0.5642570281124498
    },
    "d_ppl": 28.818240546373485,
    "g_ppl": 94.84291028329737,
    "gm_ppl": 52.28007079817493,
    "ref_bleu": 14.197891338995976,
    "gm_bleu": 20.45319879273792,
    "bert_score_P ": 0.897893,
    "bert_score_R": 0.919201,
    "bert_score_F": 0.908293
}