{
    "self_bleu": 26.854270450996786,
    "acc": {
        "f1": 0.5672823218997362,
        "acc": 0.669021190716448,
        "p@1": 0.8143939393939394,
        "r@1": 0.4352226720647773
    },
    "d_ppl": 31.30958188375732,
    "g_ppl": 94.4416656661089,
    "gm_ppl": 54.3776522517428,
    "ref_bleu": 13.474544136329708,
    "gm_bleu": 19.022330363046766,
    "bert_score_P ": 0.896024,
    "bert_score_R": 0.917753,
    "bert_score_F": 0.906617,
    "bert_acc": 69.82845610494451
}